{"hkq738AxUaq8acoUw7zA5g==":"insurance.webp","K2Lr3I9UlRdl4yi9dwGSQA==":"wcb.webp","c7a5DMoGVGYlw3McHPQzVA==":"maxgear-sprat-training-course-logo.webp","rUDmx1riEaPhHnQwmmeqMA==":"logo%20clearrise-96x52.png","siex1b1sDWB3ZU4p2BE52Q==":"logo%20clearrise-96x52.png","vZ2II067e8aCaSjjnQoeBQ==":"logo%20clearrise-228x124.png","hB0j/nJhqZCxT1ipyW5JAw==":"commercial-window-cleaning-2.webp","YSrSrb0tNijoVq5FTnzX9A==":"post-construction-cleaning.webp","+feMe82NQ6FTXYWIOn+eOg==":"high%20rise.webp","3vJY1vZNT8TEYYTMzmPjzA==":"pressure-washing-750x422.webp","siQeLH2N6n7LiQ1aIRQXig==":"eavestrough-cleaning.webp","2XWmMiYnrEY2BLWlknXrZA==":"parking-cleaning.webp","A1kSgcaM4QpkLBYvPUlDUw==":"other-maintenance-services.webp","Wdsf2UTIQtaHVnqXxB5QRw==":"high%20rise%20window%20cleaning.webp","dhpQ2eg3eBPve1vm7D275A==":"high%20rise%20window%20cleaning%2002-1024x1024.png","RBo0kO84ucVTlyqdVWlBng==":"insurance_logo-400x207.jpg","XV99HwkNkSJLIYdsqwR3FQ==":"wcb-logo-400x207.jpg","R64Ez5p9nCtVF07fxc3Ppw==":"maxgear-sprat-training-course-logo-400x207.jpg"}